{"cameraMode":{"drawMode":0,"name":"Shaded","section":"Shading Mode"},"sceneLighting":true,"audioPlay":false,"sceneViewState":{"m_AlwaysRefresh":false,"showFog":true,"showSkybox":true,"showFlares":true,"showImageEffects":true,"showParticleSystems":true,"showVisualEffectGraphs":true,"m_FxEnabled":true},"in2DMode":false,"pivot":{"x":1.324958324432373,"y":-14.490299224853516,"z":9.772390365600586},"rotation":{"x":0.4322226345539093,"y":0.01217309944331646,"z":-0.005835405550897121,"w":0.9016659259796143},"size":24.117137908935548,"orthographic":false}